assessment_id,assessment_base_id,assessment_version,assessment_type_id,assessment_update_ts
"Q1zzl-OtEeS_7SIACxCfaQ@2","Q1zzl-OtEeS_7SIACxCfaQ",2,1,2015-06-12 23:04:25.007
"Q0nhveOtEeS_7SIACxCfaQ@2","Q0nhveOtEeS_7SIACxCfaQ",2,1,2015-06-12 23:04:19.551
"7Z6FEA8qEeWjlSIACxCHZA@1","7Z6FEA8qEeWjlSIACxCHZA",1,1,2015-06-10 04:41:15.43
"PqJsa-niEeSBAyIAC0yDbg@2","PqJsa-niEeSBAyIAC0yDbg",2,6,2015-05-15 09:11:33.957
"7Z6FEA8qEeWjlSIACxCHZA@9","7Z6FEA8qEeWjlSIACxCHZA",9,1,2015-06-10 04:43:54.067
"Qsh8AuOtEeS_7SIACxCfaQ@2","Qsh8AuOtEeS_7SIACxCfaQ",2,1,2015-06-12 23:02:50.339
"7Z6FEA8qEeWjlSIACxCHZA@28","7Z6FEA8qEeWjlSIACxCHZA",28,1,2015-06-11 04:18:43.272
"PzJdPOOtEeS_7SIACxCfaQ@3","PzJdPOOtEeS_7SIACxCfaQ",3,1,2015-10-02 07:33:51.977
"Q0Umy-OtEeS_7SIACxCfaQ@1","Q0Umy-OtEeS_7SIACxCfaQ",1,1,2015-04-15 20:23:22.541
"QrYsfOOtEeS_7SIACxCfaQ@3","QrYsfOOtEeS_7SIACxCfaQ",3,1,2015-06-17 21:07:13.271
"QzuJ1-OtEeS_7SIACxCfaQ@3","QzuJ1-OtEeS_7SIACxCfaQ",3,1,2015-06-17 21:07:04.438
"PqJsa-niEeSBAyIAC0yDbg@3","PqJsa-niEeSBAyIAC0yDbg",3,6,2015-05-15 09:14:06.671
"Q1OkweOtEeS_7SIACxCfaQ@3","Q1OkweOtEeS_7SIACxCfaQ",3,1,2015-06-17 21:06:18.901
"P6mwiuOtEeS_7SIACxCfaQ@1","P6mwiuOtEeS_7SIACxCfaQ",1,1,2015-04-15 20:23:16.489
"QN1N4eOtEeS_7SIACxCfaQ@1","QN1N4eOtEeS_7SIACxCfaQ",1,1,2015-04-15 20:23:18.505
"QzQPxeOtEeS_7SIACxCfaQ@1","QzQPxeOtEeS_7SIACxCfaQ",1,1,2015-04-15 20:23:22.429
"P7bP7uOtEeS_7SIACxCfaQ@3","P7bP7uOtEeS_7SIACxCfaQ",3,1,2015-06-17 21:06:47.211
"P7x0QOOtEeS_7SIACxCfaQ@1","P7x0QOOtEeS_7SIACxCfaQ",1,1,2015-04-15 20:23:16.612
"7Z6FEA8qEeWjlSIACxCHZA@19","7Z6FEA8qEeWjlSIACxCHZA",19,1,2015-06-10 17:57:47.256
"Q0Br2eOtEeS_7SIACxCfaQ@2","Q0Br2eOtEeS_7SIACxCfaQ",2,1,2015-06-12 23:04:28.933
"QPyVu-OtEeS_7SIACxCfaQ@1","QPyVu-OtEeS_7SIACxCfaQ",1,1,2015-04-15 20:23:18.71
"Q07qz-OtEeS_7SIACxCfaQ@2","Q07qz-OtEeS_7SIACxCfaQ",2,1,2015-06-12 23:04:05.744
"7Z6FEA8qEeWjlSIACxCHZA@18","7Z6FEA8qEeWjlSIACxCHZA",18,1,2015-06-10 17:57:42.217
"K7qVnQjhEeWCQyIAC5XEog@6","K7qVnQjhEeWCQyIAC5XEog",6,7,2015-06-08 14:20:07.531
"QqtXCOOtEeS_7SIACxCfaQ@2","QqtXCOOtEeS_7SIACxCfaQ",2,1,2015-06-12 23:03:29.251
"P5TI8-OtEeS_7SIACxCfaQ@4","P5TI8-OtEeS_7SIACxCfaQ",4,6,2015-05-30 05:54:08.757
"Qt-tjOOtEeS_7SIACxCfaQ@2","Qt-tjOOtEeS_7SIACxCfaQ",2,1,2015-06-12 23:03:55.111
"QQHs7eOtEeS_7SIACxCfaQ@2","QQHs7eOtEeS_7SIACxCfaQ",2,1,2015-06-12 23:04:11.23
"QPyVu-OtEeS_7SIACxCfaQ@3","QPyVu-OtEeS_7SIACxCfaQ",3,1,2015-06-17 21:06:55.703
"7Z6FEA8qEeWjlSIACxCHZA@10","7Z6FEA8qEeWjlSIACxCHZA",10,1,2015-06-10 04:44:12.263
"A0XgSvlIEeS7YiIAC0KBkQ@1","A0XgSvlIEeS7YiIAC0KBkQ",1,6,2015-05-13 08:14:01.583
"P6SneOOtEeS_7SIACxCfaQ@1","P6SneOOtEeS_7SIACxCfaQ",1,1,2015-04-15 20:23:16.456
"czAAS_7HEeSoGSIAC9hEHA@1","czAAS_7HEeSoGSIAC9hEHA",1,6,2015-05-20 08:08:51.242
"8-x_H4fPEeSb9SIACzCJlg@2","8-x_H4fPEeSb9SIACzCJlg",2,1,2015-06-08 15:17:29.25
"PysxSuOtEeS_7SIACxCfaQ@4","PysxSuOtEeS_7SIACxCfaQ",4,1,2015-10-02 08:09:46.847
"QiLtgeOtEeS_7SIACxCfaQ@1","QiLtgeOtEeS_7SIACxCfaQ",1,1,2015-04-15 20:23:20.639
"QsBlsOOtEeS_7SIACxCfaQ@3","QsBlsOOtEeS_7SIACxCfaQ",3,1,2015-06-17 21:06:53.516
"TAkmugjhEeWCQyIAC5XEog@2","TAkmugjhEeWCQyIAC5XEog",2,7,2015-06-08 12:49:21.213
"7Z6FEA8qEeWjlSIACxCHZA@3","7Z6FEA8qEeWjlSIACxCHZA",3,1,2015-06-10 04:41:33.20
"7Z6FEA8qEeWjlSIACxCHZA@31","7Z6FEA8qEeWjlSIACxCHZA",31,1,2015-06-13 12:37:51.50
"A0XgSvlIEeS7YiIAC0KBkQ@2","A0XgSvlIEeS7YiIAC0KBkQ",2,6,2015-05-14 10:51:14.75
"A0XgSvlIEeS7YiIAC0KBkQ@5","A0XgSvlIEeS7YiIAC0KBkQ",5,6,2015-05-14 11:03:33.636
"P5TI8-OtEeS_7SIACxCfaQ@2","P5TI8-OtEeS_7SIACxCfaQ",2,6,2015-04-15 23:52:24.188
"Qrwf7uOtEeS_7SIACxCfaQ@1","Qrwf7uOtEeS_7SIACxCfaQ",1,1,2015-04-15 20:23:21.643
"PzJdPOOtEeS_7SIACxCfaQ@1","PzJdPOOtEeS_7SIACxCfaQ",1,1,2015-04-15 20:23:15.707
"Px5gCOOtEeS_7SIACxCfaQ@1","Px5gCOOtEeS_7SIACxCfaQ",1,1,2015-04-15 20:23:15.576
"7Z6FEA8qEeWjlSIACxCHZA@25","7Z6FEA8qEeWjlSIACxCHZA",25,1,2015-06-10 18:02:25.223
"DwWleQjhEeWk6iIAC3_PpA@3","DwWleQjhEeWk6iIAC3_PpA",3,7,2015-06-15 18:58:17.056
"Q1OkweOtEeS_7SIACxCfaQ@1","Q1OkweOtEeS_7SIACxCfaQ",1,1,2015-04-15 20:23:22.636
"QtIY9uOtEeS_7SIACxCfaQ@1","QtIY9uOtEeS_7SIACxCfaQ",1,1,2015-04-15 20:23:21.787
"Qjulp-OtEeS_7SIACxCfaQ@2","Qjulp-OtEeS_7SIACxCfaQ",2,1,2015-06-12 23:03:36.868
"Q1hfs-OtEeS_7SIACxCfaQ@1","Q1hfs-OtEeS_7SIACxCfaQ",1,1,2015-04-15 20:23:22.667
"Qhctr-OtEeS_7SIACxCfaQ@3","Qhctr-OtEeS_7SIACxCfaQ",3,1,2015-06-17 21:06:16.208
"Qk6RbeOtEeS_7SIACxCfaQ@3","Qk6RbeOtEeS_7SIACxCfaQ",3,1,2015-06-17 21:06:26.947
"8-x_H4fPEeSb9SIACzCJlg@5","8-x_H4fPEeSb9SIACzCJlg",5,1,2015-06-10 16:42:58.624
"PzdmTuOtEeS_7SIACxCfaQ@5","PzdmTuOtEeS_7SIACxCfaQ",5,1,2015-10-02 08:13:08.601
"Qsh8AuOtEeS_7SIACxCfaQ@3","Qsh8AuOtEeS_7SIACxCfaQ",3,1,2015-06-17 21:06:44.297
"8-x_H4fPEeSb9SIACzCJlg@3","8-x_H4fPEeSb9SIACzCJlg",3,1,2015-06-10 16:42:19.929
"P6SneOOtEeS_7SIACxCfaQ@3","P6SneOOtEeS_7SIACxCfaQ",3,1,2015-11-08 16:25:27.288
"7Z6FEA8qEeWjlSIACxCHZA@11","7Z6FEA8qEeWjlSIACxCHZA",11,1,2015-06-10 04:44:26.131
"QN1N4eOtEeS_7SIACxCfaQ@2","QN1N4eOtEeS_7SIACxCfaQ",2,1,2015-06-12 22:36:50.834
"QzuJ1-OtEeS_7SIACxCfaQ@1","QzuJ1-OtEeS_7SIACxCfaQ",1,1,2015-04-15 20:23:22.478
"K7qVnQjhEeWCQyIAC5XEog@5","K7qVnQjhEeWCQyIAC5XEog",5,7,2015-06-08 14:09:24.133
"P7GfzOOtEeS_7SIACxCfaQ@7","P7GfzOOtEeS_7SIACxCfaQ",7,1,2015-11-02 03:10:52.714
"sX7UFjuLEeWYpCIAC4O5_Q@1","sX7UFjuLEeWYpCIAC4O5_Q",1,1,2015-08-05 16:04:46.904
"Qhctr-OtEeS_7SIACxCfaQ@1","Qhctr-OtEeS_7SIACxCfaQ",1,1,2015-04-15 20:23:20.562
"auc45AjhEeWTpSIAC4-MSg@3","auc45AjhEeWTpSIAC4-MSg",3,7,2015-10-28 03:58:56.432
"8-x_H4fPEeSb9SIACzCJlg@4","8-x_H4fPEeSb9SIACzCJlg",4,1,2015-06-10 16:42:42.395
"86CCsYfPEeSb9SIACzCJlg@4","86CCsYfPEeSb9SIACzCJlg",4,1,2015-06-08 14:22:24.901
"PzJdPOOtEeS_7SIACxCfaQ@2","PzJdPOOtEeS_7SIACxCfaQ",2,1,2015-06-12 23:03:34.548
"QrYsfOOtEeS_7SIACxCfaQ@2","QrYsfOOtEeS_7SIACxCfaQ",2,1,2015-06-12 23:03:20.13
"QPOVCeOtEeS_7SIACxCfaQ@1","QPOVCeOtEeS_7SIACxCfaQ",1,1,2015-04-15 20:23:18.651
"QtZeuOOtEeS_7SIACxCfaQ@1","QtZeuOOtEeS_7SIACxCfaQ",1,1,2015-04-15 20:23:21.815
"P7GfzOOtEeS_7SIACxCfaQ@1","P7GfzOOtEeS_7SIACxCfaQ",1,1,2015-04-15 20:23:16.541
"Q0Umy-OtEeS_7SIACxCfaQ@3","Q0Umy-OtEeS_7SIACxCfaQ",3,1,2015-06-17 21:06:21.349
"czAAS_7HEeSoGSIAC9hEHA@2","czAAS_7HEeSoGSIAC9hEHA",2,6,2015-05-20 08:14:07.84
"8-x_H4fPEeSb9SIACzCJlg@8","8-x_H4fPEeSb9SIACzCJlg",8,1,2015-06-17 21:06:42.191
"P6ATluOtEeS_7SIACxCfaQ@1","P6ATluOtEeS_7SIACxCfaQ",1,1,2015-04-15 20:23:16.426
"PqJsa-niEeSBAyIAC0yDbg@4","PqJsa-niEeSBAyIAC0yDbg",4,6,2015-05-15 09:57:26.191
"P7GfzOOtEeS_7SIACxCfaQ@2","P7GfzOOtEeS_7SIACxCfaQ",2,1,2015-06-12 21:02:26.157
"Qy9U0-OtEeS_7SIACxCfaQ@2","Qy9U0-OtEeS_7SIACxCfaQ",2,1,2015-06-12 23:03:02.856
"7Z6FEA8qEeWjlSIACxCHZA@4","7Z6FEA8qEeWjlSIACxCHZA",4,1,2015-06-10 04:41:40.686
"P7GfzOOtEeS_7SIACxCfaQ@6","P7GfzOOtEeS_7SIACxCfaQ",6,1,2015-11-02 03:09:58.761
"Qrwf7uOtEeS_7SIACxCfaQ@3","Qrwf7uOtEeS_7SIACxCfaQ",3,1,2015-06-17 21:06:50.325
"2vkPlgjgEeWRIiIAC9lFJw@3","2vkPlgjgEeWRIiIAC9lFJw",3,7,2015-11-01 09:20:49.907
"86CCsYfPEeSb9SIACzCJlg@3","86CCsYfPEeSb9SIACzCJlg",3,1,2015-06-08 14:22:21.722
"Qq_q6uOtEeS_7SIACxCfaQ@1","Qq_q6uOtEeS_7SIACxCfaQ",1,1,2015-04-15 20:23:21.563
"QttAuuOtEeS_7SIACxCfaQ@1","QttAuuOtEeS_7SIACxCfaQ",1,1,2015-04-15 20:23:21.847
"P6SneOOtEeS_7SIACxCfaQ@2","P6SneOOtEeS_7SIACxCfaQ",2,1,2015-06-12 23:03:39.307
"P7bP7uOtEeS_7SIACxCfaQ@1","P7bP7uOtEeS_7SIACxCfaQ",1,1,2015-04-15 20:23:16.575
"P5TI8-OtEeS_7SIACxCfaQ@5","P5TI8-OtEeS_7SIACxCfaQ",5,6,2015-06-06 12:32:29.714
"QqtXCOOtEeS_7SIACxCfaQ@1","QqtXCOOtEeS_7SIACxCfaQ",1,1,2015-04-15 20:23:21.533
"Q07qz-OtEeS_7SIACxCfaQ@1","Q07qz-OtEeS_7SIACxCfaQ",1,1,2015-04-15 20:23:22.605
"Q0Br2eOtEeS_7SIACxCfaQ@1","Q0Br2eOtEeS_7SIACxCfaQ",1,1,2015-04-15 20:23:22.51
"P7GfzOOtEeS_7SIACxCfaQ@5","P7GfzOOtEeS_7SIACxCfaQ",5,1,2015-06-17 21:07:11.049
"7Z6FEA8qEeWjlSIACxCHZA@23","7Z6FEA8qEeWjlSIACxCHZA",23,1,2015-06-10 18:01:17.796
"P5TI8-OtEeS_7SIACxCfaQ@3","P5TI8-OtEeS_7SIACxCfaQ",3,6,2015-04-28 09:11:20.527
"QOhKZeOtEeS_7SIACxCfaQ@1","QOhKZeOtEeS_7SIACxCfaQ",1,1,2015-04-15 20:23:18.577
"czAAS_7HEeSoGSIAC9hEHA@3","czAAS_7HEeSoGSIAC9hEHA",3,6,2015-05-22 14:28:47.675
"QzuJ1-OtEeS_7SIACxCfaQ@2","QzuJ1-OtEeS_7SIACxCfaQ",2,1,2015-06-12 23:03:10.079
"P6mwiuOtEeS_7SIACxCfaQ@2","P6mwiuOtEeS_7SIACxCfaQ",2,1,2015-06-12 23:03:31.342
"QOLzM-OtEeS_7SIACxCfaQ@1","QOLzM-OtEeS_7SIACxCfaQ",1,1,2015-04-15 20:23:18.542
"QO4Wx-OtEeS_7SIACxCfaQ@1","QO4Wx-OtEeS_7SIACxCfaQ",1,1,2015-04-15 20:23:18.615
"DwWleQjhEeWk6iIAC3_PpA@2","DwWleQjhEeWk6iIAC3_PpA",2,7,2015-06-15 18:55:56.68
"DwWleQjhEeWk6iIAC3_PpA@5","DwWleQjhEeWk6iIAC3_PpA",5,7,2015-08-13 15:16:24.611
"QzQPxeOtEeS_7SIACxCfaQ@2","QzQPxeOtEeS_7SIACxCfaQ",2,1,2015-06-12 23:03:24.179
"7Z6FEA8qEeWjlSIACxCHZA@12","7Z6FEA8qEeWjlSIACxCHZA",12,1,2015-06-10 04:44:42.803
"7Z6FEA8qEeWjlSIACxCHZA@7","7Z6FEA8qEeWjlSIACxCHZA",7,1,2015-06-10 04:42:25.71
"Q1OkweOtEeS_7SIACxCfaQ@2","Q1OkweOtEeS_7SIACxCfaQ",2,1,2015-06-12 22:36:37.873
"QkPjCeOtEeS_7SIACxCfaQ@1","QkPjCeOtEeS_7SIACxCfaQ",1,1,2015-04-15 20:23:20.855
"auc45AjhEeWTpSIAC4-MSg@1","auc45AjhEeWTpSIAC4-MSg",1,7,2015-06-02 04:39:55.887
"7Z6FEA8qEeWjlSIACxCHZA@21","7Z6FEA8qEeWjlSIACxCHZA",21,1,2015-06-10 18:01:08.858
"PzJdPOOtEeS_7SIACxCfaQ@4","PzJdPOOtEeS_7SIACxCfaQ",4,1,2015-10-02 08:12:40.055
"Qszo1OOtEeS_7SIACxCfaQ@2","Qszo1OOtEeS_7SIACxCfaQ",2,1,2015-06-12 22:36:42.983
"Qq_q6uOtEeS_7SIACxCfaQ@3","Qq_q6uOtEeS_7SIACxCfaQ",3,1,2015-06-17 21:06:13.608
"7Z6FEA8qEeWjlSIACxCHZA@22","7Z6FEA8qEeWjlSIACxCHZA",22,1,2015-06-10 18:01:11.981
"A0XgSvlIEeS7YiIAC0KBkQ@6","A0XgSvlIEeS7YiIAC0KBkQ",6,6,2015-05-22 13:32:42.863
"QsBlsOOtEeS_7SIACxCfaQ@2","QsBlsOOtEeS_7SIACxCfaQ",2,1,2015-06-12 23:02:58.283
"QiLtgeOtEeS_7SIACxCfaQ@2","QiLtgeOtEeS_7SIACxCfaQ",2,1,2015-06-12 23:04:16.616
"QrYsfOOtEeS_7SIACxCfaQ@1","QrYsfOOtEeS_7SIACxCfaQ",1,1,2015-04-15 20:23:21.604
"QtIY9uOtEeS_7SIACxCfaQ@2","QtIY9uOtEeS_7SIACxCfaQ",2,1,2015-06-12 23:03:48.08
"DwWleQjhEeWk6iIAC3_PpA@4","DwWleQjhEeWk6iIAC3_PpA",4,7,2015-06-15 19:00:13.807
"QO4Wx-OtEeS_7SIACxCfaQ@4","QO4Wx-OtEeS_7SIACxCfaQ",4,1,2015-11-02 16:52:56.206
"7Z6FEA8qEeWjlSIACxCHZA@6","7Z6FEA8qEeWjlSIACxCHZA",6,1,2015-06-10 04:42:21.237
"Qszo1OOtEeS_7SIACxCfaQ@1","Qszo1OOtEeS_7SIACxCfaQ",1,1,2015-04-15 20:23:21.753
"2vkPlgjgEeWRIiIAC9lFJw@2","2vkPlgjgEeWRIiIAC9lFJw",2,7,2015-06-06 12:10:04.682
"86CCsYfPEeSb9SIACzCJlg@1","86CCsYfPEeSb9SIACzCJlg",1,1,2014-10-05 07:42:13.454
"86CCsYfPEeSb9SIACzCJlg@6","86CCsYfPEeSb9SIACzCJlg",6,1,2015-06-17 21:06:39.72
"8-x_H4fPEeSb9SIACzCJlg@1","8-x_H4fPEeSb9SIACzCJlg",1,1,2014-10-04 18:12:46.344
"P7GfzOOtEeS_7SIACxCfaQ@9","P7GfzOOtEeS_7SIACxCfaQ",9,1,2015-11-18 05:13:12.309
"Px5gCOOtEeS_7SIACxCfaQ@2","Px5gCOOtEeS_7SIACxCfaQ",2,1,2015-06-12 23:03:21.975
"PysxSuOtEeS_7SIACxCfaQ@2","PysxSuOtEeS_7SIACxCfaQ",2,1,2015-06-12 23:04:27.092
"P7x0QOOtEeS_7SIACxCfaQ@2","P7x0QOOtEeS_7SIACxCfaQ",2,1,2015-06-12 23:04:02.918
"QlNzb-OtEeS_7SIACxCfaQ@1","QlNzb-OtEeS_7SIACxCfaQ",1,1,2015-04-15 20:23:20.957
"8-x_H4fPEeSb9SIACzCJlg@7","8-x_H4fPEeSb9SIACzCJlg",7,1,2015-06-12 23:02:47.585
"PqJsa-niEeSBAyIAC0yDbg@5","PqJsa-niEeSBAyIAC0yDbg",5,6,2015-06-24 16:39:09.655
"P6ATluOtEeS_7SIACxCfaQ@2","P6ATluOtEeS_7SIACxCfaQ",2,1,2015-06-12 23:04:13.463
"Qy9U0-OtEeS_7SIACxCfaQ@1","Qy9U0-OtEeS_7SIACxCfaQ",1,1,2015-04-15 20:23:22.398
"P7bP7uOtEeS_7SIACxCfaQ@2","P7bP7uOtEeS_7SIACxCfaQ",2,1,2015-06-12 23:02:53.307
"7Z6FEA8qEeWjlSIACxCHZA@26","7Z6FEA8qEeWjlSIACxCHZA",26,1,2015-06-10 18:02:32.656
"QttAuuOtEeS_7SIACxCfaQ@2","QttAuuOtEeS_7SIACxCfaQ",2,1,2015-06-12 23:03:50.87
"A0XgSvlIEeS7YiIAC0KBkQ@3","A0XgSvlIEeS7YiIAC0KBkQ",3,6,2015-05-14 10:53:23.636
"PysxSuOtEeS_7SIACxCfaQ@3","PysxSuOtEeS_7SIACxCfaQ",3,1,2015-10-02 07:31:12.45
"QN1N4eOtEeS_7SIACxCfaQ@3","QN1N4eOtEeS_7SIACxCfaQ",3,1,2015-06-17 21:06:33.47
"P6ATluOtEeS_7SIACxCfaQ@3","P6ATluOtEeS_7SIACxCfaQ",3,1,2015-11-04 15:27:31.842
"QlNzb-OtEeS_7SIACxCfaQ@2","QlNzb-OtEeS_7SIACxCfaQ",2,1,2015-06-12 23:03:57.248
"A0XgSvlIEeS7YiIAC0KBkQ@4","A0XgSvlIEeS7YiIAC0KBkQ",4,6,2015-05-14 11:01:01.417
"P7GfzOOtEeS_7SIACxCfaQ@8","P7GfzOOtEeS_7SIACxCfaQ",8,1,2015-11-18 05:07:03.237
"QO4Wx-OtEeS_7SIACxCfaQ@3","QO4Wx-OtEeS_7SIACxCfaQ",3,1,2015-06-17 21:06:29.936
"P6mwiuOtEeS_7SIACxCfaQ@3","P6mwiuOtEeS_7SIACxCfaQ",3,1,2015-11-18 04:13:17.227
"2vkPlgjgEeWRIiIAC9lFJw@1","2vkPlgjgEeWRIiIAC9lFJw",1,7,2015-06-02 04:35:54.412
"K7qVnQjhEeWCQyIAC5XEog@2","K7qVnQjhEeWCQyIAC5XEog",2,7,2015-06-08 13:12:02.778
"QQe5UeOtEeS_7SIACxCfaQ@2","QQe5UeOtEeS_7SIACxCfaQ",2,1,2015-06-12 23:03:59.234
"7Z6FEA8qEeWjlSIACxCHZA@17","7Z6FEA8qEeWjlSIACxCHZA",17,1,2015-06-10 17:56:44.139
"7Z6FEA8qEeWjlSIACxCHZA@16","7Z6FEA8qEeWjlSIACxCHZA",16,1,2015-06-10 04:45:05.593
"QQ03lOOtEeS_7SIACxCfaQ@2","QQ03lOOtEeS_7SIACxCfaQ",2,1,2015-06-12 22:36:53.574
"Q1zzl-OtEeS_7SIACxCfaQ@1","Q1zzl-OtEeS_7SIACxCfaQ",1,1,2015-04-15 20:23:22.697
"QQe5UeOtEeS_7SIACxCfaQ@1","QQe5UeOtEeS_7SIACxCfaQ",1,1,2015-04-15 20:23:18.783
"Qszo1OOtEeS_7SIACxCfaQ@3","Qszo1OOtEeS_7SIACxCfaQ",3,1,2015-06-17 21:06:24.212
"QQ03lOOtEeS_7SIACxCfaQ@1","QQ03lOOtEeS_7SIACxCfaQ",1,1,2015-04-15 20:23:18.819
"Px5gCOOtEeS_7SIACxCfaQ@3","Px5gCOOtEeS_7SIACxCfaQ",3,1,2015-06-17 21:07:17.16
"PzdmTuOtEeS_7SIACxCfaQ@2","PzdmTuOtEeS_7SIACxCfaQ",2,1,2015-06-12 23:03:14.041
"PzdmTuOtEeS_7SIACxCfaQ@1","PzdmTuOtEeS_7SIACxCfaQ",1,1,2015-04-15 20:23:15.74
"Qrwf7uOtEeS_7SIACxCfaQ@2","Qrwf7uOtEeS_7SIACxCfaQ",2,1,2015-06-12 23:02:55.538
"K7qVnQjhEeWCQyIAC5XEog@7","K7qVnQjhEeWCQyIAC5XEog",7,7,2015-06-08 14:25:50.655
"QjZ1heOtEeS_7SIACxCfaQ@1","QjZ1heOtEeS_7SIACxCfaQ",1,1,2015-04-15 20:23:20.767
"auc45AjhEeWTpSIAC4-MSg@4","auc45AjhEeWTpSIAC4-MSg",4,7,2015-10-28 04:11:37.382
"PzdmTuOtEeS_7SIACxCfaQ@4","PzdmTuOtEeS_7SIACxCfaQ",4,1,2015-10-02 07:41:09.727
"auc45AjhEeWTpSIAC4-MSg@2","auc45AjhEeWTpSIAC4-MSg",2,7,2015-06-12 22:06:22.537
"QsBlsOOtEeS_7SIACxCfaQ@1","QsBlsOOtEeS_7SIACxCfaQ",1,1,2015-04-15 20:23:21.671
"Q1hfs-OtEeS_7SIACxCfaQ@2","Q1hfs-OtEeS_7SIACxCfaQ",2,1,2015-06-12 23:03:05.857
"QtZeuOOtEeS_7SIACxCfaQ@2","QtZeuOOtEeS_7SIACxCfaQ",2,1,2015-06-12 23:03:53.016
"Qt-tjOOtEeS_7SIACxCfaQ@1","Qt-tjOOtEeS_7SIACxCfaQ",1,1,2015-04-15 20:23:21.876
"7Z6FEA8qEeWjlSIACxCHZA@24","7Z6FEA8qEeWjlSIACxCHZA",24,1,2015-06-10 18:01:27.178
"P7GfzOOtEeS_7SIACxCfaQ@4","P7GfzOOtEeS_7SIACxCfaQ",4,1,2015-06-12 23:03:16.914
"PzdmTuOtEeS_7SIACxCfaQ@3","PzdmTuOtEeS_7SIACxCfaQ",3,1,2015-06-17 21:07:08.538
"8-x_H4fPEeSb9SIACzCJlg@6","8-x_H4fPEeSb9SIACzCJlg",6,1,2015-06-10 16:43:13.221
"7Z6FEA8qEeWjlSIACxCHZA@15","7Z6FEA8qEeWjlSIACxCHZA",15,1,2015-06-10 04:45:02.217
"sX7UFjuLEeWYpCIAC4O5_Q@2","sX7UFjuLEeWYpCIAC4O5_Q",2,1,2015-08-05 16:25:49.38
"7Z6FEA8qEeWjlSIACxCHZA@14","7Z6FEA8qEeWjlSIACxCHZA",14,1,2015-06-10 04:44:54.32
"K7qVnQjhEeWCQyIAC5XEog@8","K7qVnQjhEeWCQyIAC5XEog",8,7,2015-06-12 17:27:21.273
"Q0nhveOtEeS_7SIACxCfaQ@1","Q0nhveOtEeS_7SIACxCfaQ",1,1,2015-04-15 20:23:22.572
"86CCsYfPEeSb9SIACzCJlg@5","86CCsYfPEeSb9SIACzCJlg",5,1,2015-06-12 22:36:56.401
"QPOVCeOtEeS_7SIACxCfaQ@2","QPOVCeOtEeS_7SIACxCfaQ",2,1,2015-06-12 23:03:45.582
"7Z6FEA8qEeWjlSIACxCHZA@20","7Z6FEA8qEeWjlSIACxCHZA",20,1,2015-06-10 18:01:05.713
"PysxSuOtEeS_7SIACxCfaQ@1","PysxSuOtEeS_7SIACxCfaQ",1,1,2015-04-15 20:23:15.66
"Q1hfs-OtEeS_7SIACxCfaQ@3","Q1hfs-OtEeS_7SIACxCfaQ",3,1,2015-06-17 21:07:00.81
"7Z6FEA8qEeWjlSIACxCHZA@29","7Z6FEA8qEeWjlSIACxCHZA",29,1,2015-06-12 23:03:41.236
"QkPjCeOtEeS_7SIACxCfaQ@2","QkPjCeOtEeS_7SIACxCfaQ",2,1,2015-06-12 23:04:09.051
"Qsh8AuOtEeS_7SIACxCfaQ@1","Qsh8AuOtEeS_7SIACxCfaQ",1,1,2015-04-15 20:23:21.724
"7Z6FEA8qEeWjlSIACxCHZA@2","7Z6FEA8qEeWjlSIACxCHZA",2,1,2015-06-10 04:41:22.076
"QQ03lOOtEeS_7SIACxCfaQ@3","QQ03lOOtEeS_7SIACxCfaQ",3,1,2015-06-17 21:06:36.04
"Qhctr-OtEeS_7SIACxCfaQ@2","Qhctr-OtEeS_7SIACxCfaQ",2,1,2015-06-12 22:36:34.948
"Qk6RbeOtEeS_7SIACxCfaQ@2","Qk6RbeOtEeS_7SIACxCfaQ",2,1,2015-06-12 22:36:45.832
"K7qVnQjhEeWCQyIAC5XEog@1","K7qVnQjhEeWCQyIAC5XEog",1,7,2015-06-02 04:38:09.898
"TAkmugjhEeWCQyIAC5XEog@1","TAkmugjhEeWCQyIAC5XEog",1,7,2015-06-02 04:39:04.10
"QjZ1heOtEeS_7SIACxCfaQ@2","QjZ1heOtEeS_7SIACxCfaQ",2,1,2015-06-12 23:04:22.744
"Qk6RbeOtEeS_7SIACxCfaQ@1","Qk6RbeOtEeS_7SIACxCfaQ",1,1,2015-04-15 20:23:20.925
"A0XgSvlIEeS7YiIAC0KBkQ@7","A0XgSvlIEeS7YiIAC0KBkQ",7,6,2015-05-22 13:36:04.433
"PqJsa-niEeSBAyIAC0yDbg@1","PqJsa-niEeSBAyIAC0yDbg",1,6,2015-04-23 17:57:45.066
"Qq_q6uOtEeS_7SIACxCfaQ@2","Qq_q6uOtEeS_7SIACxCfaQ",2,1,2015-06-12 21:05:40.302
"P7GfzOOtEeS_7SIACxCfaQ@3","P7GfzOOtEeS_7SIACxCfaQ",3,1,2015-06-12 21:03:30.84
"Q0Umy-OtEeS_7SIACxCfaQ@2","Q0Umy-OtEeS_7SIACxCfaQ",2,1,2015-06-12 22:36:40.506
"QO4Wx-OtEeS_7SIACxCfaQ@2","QO4Wx-OtEeS_7SIACxCfaQ",2,1,2015-06-12 22:36:48.326
"7Z6FEA8qEeWjlSIACxCHZA@30","7Z6FEA8qEeWjlSIACxCHZA",30,1,2015-06-13 12:37:11.465
"K7qVnQjhEeWCQyIAC5XEog@3","K7qVnQjhEeWCQyIAC5XEog",3,7,2015-06-08 13:23:29.90
"Qjulp-OtEeS_7SIACxCfaQ@1","Qjulp-OtEeS_7SIACxCfaQ",1,1,2015-04-15 20:23:20.801
"QrYsfOOtEeS_7SIACxCfaQ@4","QrYsfOOtEeS_7SIACxCfaQ",4,1,2015-08-13 13:47:20.53
"K7qVnQjhEeWCQyIAC5XEog@4","K7qVnQjhEeWCQyIAC5XEog",4,7,2015-06-08 13:51:43.981
"7Z6FEA8qEeWjlSIACxCHZA@27","7Z6FEA8qEeWjlSIACxCHZA",27,1,2015-06-10 18:02:59.137
"TAkmugjhEeWCQyIAC5XEog@3","TAkmugjhEeWCQyIAC5XEog",3,7,2015-07-27 05:45:34.317
"QPyVu-OtEeS_7SIACxCfaQ@2","QPyVu-OtEeS_7SIACxCfaQ",2,1,2015-06-12 23:03:00.39
"QQHs7eOtEeS_7SIACxCfaQ@1","QQHs7eOtEeS_7SIACxCfaQ",1,1,2015-04-15 20:23:18.745
"Qy9U0-OtEeS_7SIACxCfaQ@3","Qy9U0-OtEeS_7SIACxCfaQ",3,1,2015-06-17 21:06:58.375
"7Z6FEA8qEeWjlSIACxCHZA@5","7Z6FEA8qEeWjlSIACxCHZA",5,1,2015-06-10 04:41:44.374
"7Z6FEA8qEeWjlSIACxCHZA@8","7Z6FEA8qEeWjlSIACxCHZA",8,1,2015-06-10 04:43:49.809
"DwWleQjhEeWk6iIAC3_PpA@1","DwWleQjhEeWk6iIAC3_PpA",1,7,2015-06-02 04:37:21.736
"7Z6FEA8qEeWjlSIACxCHZA@13","7Z6FEA8qEeWjlSIACxCHZA",13,1,2015-06-10 04:44:48.71
"QOLzM-OtEeS_7SIACxCfaQ@2","QOLzM-OtEeS_7SIACxCfaQ",2,1,2015-06-12 23:03:26.987
"QOhKZeOtEeS_7SIACxCfaQ@2","QOhKZeOtEeS_7SIACxCfaQ",2,1,2015-06-12 23:03:43.037
"P5TI8-OtEeS_7SIACxCfaQ@1","P5TI8-OtEeS_7SIACxCfaQ",1,6,2015-04-15 20:23:16.351
"86CCsYfPEeSb9SIACzCJlg@2","86CCsYfPEeSb9SIACzCJlg",2,1,2015-06-08 14:21:44.388
